{"cameraMode":{"drawMode":0,"name":"Shaded","section":"Shading Mode"},"sceneLighting":false,"audioPlay":false,"sceneViewState":{"m_AlwaysRefresh":false,"showFog":true,"showSkybox":false,"showFlares":true,"showImageEffects":true,"showParticleSystems":true,"showVisualEffectGraphs":true,"m_FxEnabled":true},"in2DMode":false,"pivot":{"x":-0.4691345989704132,"y":-0.018379932269454004,"z":-0.007590409368276596},"rotation":{"x":0.17626644670963288,"y":0.03573349863290787,"z":-0.006403061095625162,"w":0.9836750626564026},"size":3.252948045730591,"orthographic":false}